t,pc,c
0,0.20899583066216837,0.13435206448986475
1,0.20899583066216837,0.13435206448986475
2,0.20899583066216837,0.13435206448986475
3,0.20899583066216837,0.13435206448986475
4,0.20899583066216837,0.13435206448986475
5,0.20899583066216837,0.13435206448986475
6,0.20899583066216837,0.13435206448986475
7,0.20899583066216837,0.13435206448986475
8,0.20899583066216837,0.13435206448986475
9,0.20899583066216837,0.13435206448986475
10,0.20899583066216837,0.13435206448986475
